3	3	0
8	8	0.0015522636835050305
14	14	0
19	19	0
23	23	0.0018692053781033577
28	28	0.0018692053781033577
30	30	0
34	34	8.198685685942409e-4
46	46	0
59	59	0
61	61	0
64	64	0
66	66	0.001123615816599674
71	71	0
84	84	0.0018692053781033577
87	87	0.014277055362584534
88	88	0
94	94	0
95	95	0.034846511701060005
98	98	0
100	100	0
104	104	0
111	111	0
113	113	0.0018692053781033577
114	114	0
117	117	0
120	120	0
121	121	0
122	122	0
123	123	0
124	124	0.0018692053781033577
128	128	0
131	131	0
132	132	0
135	135	0
137	137	0
139	139	0
140	140	0
144	144	0
147	147	0
148	148	0
149	149	0
157	157	0
158	158	0
160	160	0
166	166	0.00163768929313996
167	167	0
168	168	0
172	172	0
181	181	0.006084255798419833
182	182	0
183	183	0
184	184	0
191	191	0
198	198	0
199	199	0.00485553100157352
200	200	0.034344404106332674
206	206	0
213	213	0
214	214	0
215	215	0
219	219	0
220	220	0
223	223	0
234	234	0
235	235	0
238	238	0
268	268	0
275	275	0
281	281	0
289	289	0.010350407314566299
290	290	0.010747390858390068
291	291	0
294	294	0
295	295	0
296	296	0
297	297	0
298	298	0
305	305	0
306	306	0
333	333	0
335	335	0
341	341	0
343	343	0
344	344	0.0018692053781033577
345	345	0
383	383	0.007366484702860472
390	390	0
391	391	0
392	392	0
393	393	0.0029577167310403225
395	395	0
406	406	0
407	407	0
427	427	0
429	429	0.0032004498156821947
435	435	0
443	443	0
446	446	0
472	472	0
473	473	0
497	497	0.0034306341301627527
508	508	0
511	511	0
523	523	0
541	541	0
542	542	0
548	548	0
559	559	0
560	560	0
561	561	0.031613987144854326
565	565	0
566	566	0
569	569	0
581	581	0
582	582	0
603	603	0
605	605	0
607	607	0.0018692053781033577
616	616	0
635	635	0
637	637	0
638	638	0
639	639	0
656	656	0
678	678	0
679	679	0.03494191508048516
684	684	0
697	697	0
700	700	0.00369625366778222
701	701	0
716	716	0
721	721	0
722	722	0
723	723	0
729	729	0
755	755	0
765	765	0
779	779	0.0016668597031679478
784	784	0
790	790	0
791	791	0
798	798	0
801	801	0
816	816	0.015431847563365844
817	817	0
819	819	0
832	832	0
844	844	0
857	857	0
859	859	0
866	866	0
869	869	0
874	874	0
879	879	0
901	901	0
902	902	0.00280316591746563
903	903	0
908	908	0
910	910	0
917	917	0
933	933	0
962	962	0
964	964	0.004146012639848209
974	974	0
991	991	0
1000	1000	0
1013	1013	0
1035	1035	0
1040	1040	0
1045	1045	0
1048	1048	0
1070	1070	0
1077	1077	0
1078	1078	0
1085	1085	0
1099	1099	0
1120	1120	0
1123	1123	0.0035941201591571134
1124	1124	0.004420559263278557
1128	1128	0
1130	1130	0
1133	1133	0
1134	1134	0
1159	1159	0.003902720073482396
1164	1164	0
1168	1168	0
1169	1169	0
1172	1172	0
1173	1173	0
1175	1175	0
1193	1193	0.034887539838291855
1196	1196	0
1205	1205	0
1206	1206	0
1207	1207	0.012570735794240045
1215	1215	0
1220	1220	0
1230	1230	0
1233	1233	0
1234	1234	0
1237	1237	0
1250	1250	0
1267	1267	0
1272	1272	0
1306	1306	0
1321	1321	0
1324	1324	0
1341	1341	0
1343	1343	0
1345	1345	0.019023137933314612
1348	1348	0
1350	1350	0
1351	1351	0
1352	1352	0
1374	1374	0
1381	1381	0
1394	1394	0.008322965974316442
1395	1395	0
1427	1427	0.03484933604544341
1430	1430	0
1431	1431	0
1437	1437	0.03469529011868646
1447	1447	0
1450	1450	0
1456	1456	0
1463	1463	0.002813559692711178
1469	1469	0
1472	1472	0
1476	1476	0.0018680459307916686
1479	1479	0
1485	1485	0
1505	1505	0
1510	1510	0
1532	1532	0
1533	1533	0
1535	1535	0.0018692053781033577
1538	1538	0
1549	1549	0
1551	1551	0.0025158601595026324
1558	1558	0
1564	1564	0
1578	1578	0
1582	1582	0
1583	1583	0
1589	1589	0
1601	1601	0
1610	1610	0
1613	1613	0
1621	1621	0
1628	1628	0.0018692053781033577
1629	1629	0
1630	1630	0
1654	1654	0
1661	1661	0
1663	1663	0
1673	1673	0
1679	1679	0.003000568564351179
1680	1680	0
1698	1698	0.0018692053781033577
1707	1707	0
1720	1720	0
1724	1724	0
1740	1740	0
1741	1741	0
1746	1746	0
1751	1751	0
1781	1781	0
1785	1785	0
1790	1790	0
1797	1797	0
1799	1799	0
1802	1802	0
1807	1807	0.0018692053781033577
1811	1811	0
1815	1815	0.0018692053781033577
1822	1822	0
1835	1835	0
1837	1837	0
1851	1851	0
1852	1852	0
1856	1856	0
1861	1861	0
1866	1866	0
1869	1869	0
1871	1871	0
1872	1872	0
1873	1873	0
1885	1885	0
1901	1901	0
1903	1903	0
1904	1904	0
1911	1911	0
1912	1912	0
1913	1913	0
1914	1914	0
1927	1927	0.003077708449329853
1931	1931	0
1934	1934	0
1975	1975	0.01693200650784227
1976	1976	0
1981	1981	0
1989	1989	0
1990	1990	0
2000	2000	0.0036107189140274078
2003	2003	0
2004	2004	0.01682058119439499
2010	2010	0
2018	2018	0
2022	2022	0
2025	2025	0
2036	2036	0
2040	2040	0
2042	2042	0
2045	2045	0
2048	2048	0
2063	2063	0
2066	2066	0
2074	2074	0
2092	2092	0
2102	2102	0
2115	2115	0
2116	2116	0
2130	2130	0
2131	2131	0
2136	2136	0.0049725844242114545
2137	2137	0.005480602462815226
2142	2142	0
2143	2143	0
2144	2144	0
2157	2157	0
2163	2163	0.03484122283733113
2170	2170	0
2171	2171	0
2177	2177	0.0018692053781033577
2179	2179	0
2199	2199	0
2203	2203	0
2222	2222	0
2223	2223	0
2224	2224	0
2232	2232	0
2233	2233	0
2234	2234	0
2237	2237	0
2238	2238	0
2239	2239	0
2241	2241	0
2246	2246	0
2247	2247	0.003506342540287301
2262	2262	0
2273	2273	0
2290	2290	0
2291	2291	0
2292	2292	0
2295	2295	0
2356	2356	0
2365	2365	0
2380	2380	0
2384	2384	0
2385	2385	0
2392	2392	0
2394	2394	0
2395	2395	0
2399	2399	0
2400	2400	0
2406	2406	0
2409	2409	0
2412	2412	0.006828645787673836
2426	2426	0
2436	2436	0
2447	2447	0
2451	2451	0
2457	2457	0
2479	2479	0
2501	2501	0
2502	2502	0
2523	2523	0.0018692053781033577
2525	2525	0
2539	2539	0
2543	2543	0
2552	2552	0
2569	2569	0
2574	2574	0.0018692053781033577
2616	2616	0
2633	2633	0
2634	2634	0
2640	2640	0
2662	2662	0
2663	2663	0.0071504541860477255
2699	2699	0
2705	2705	0
2706	2706	0.002868268474613202
2713	2713	0
2714	2714	0
2733	2733	0.0017580936609185652
2752	2752	0.016984984643063118
2758	2758	0
2789	2789	0
2795	2795	0
2800	2800	0
2802	2802	0
2804	2804	0
2812	2812	0
2821	2821	0
2823	2823	0
2824	2824	0
2843	2843	0
2846	2846	0
2847	2847	0
2852	2852	0
2860	2860	0
2878	2878	0
2880	2880	0.0018692053781033577
2885	2885	0
2886	2886	0
2893	2893	0
2900	2900	0
2908	2908	0
2920	2920	0
2921	2921	0
2931	2931	0
2946	2946	0
2958	2958	0
2961	2961	0
2976	2976	0
2977	2977	0
2989	2989	0
2990	2990	0.0011187822840082696
2999	2999	0.008814746261475881
3028	3028	0.0018692053781033577
3035	3035	0
3051	3051	0
3060	3060	0
3066	3066	0
3085	3085	0
3093	3093	0
3094	3094	0
3097	3097	0
3121	3121	0
3123	3123	0.003052524086772442
3127	3127	0
3135	3135	0
3136	3136	0.0018692053781033577
3145	3145	0
3161	3161	0
3167	3167	0
3168	3168	0
3188	3188	0
3200	3200	0
3218	3218	0.0010219059583902606
3222	3222	0
3241	3241	0
3243	3243	0
3244	3244	0
3264	3264	0
3288	3288	0
3302	3302	0
3303	3303	0
3304	3304	0
3309	3309	0.0350353910699819
3311	3311	0
3333	3333	0
3345	3345	0
3347	3347	0
3350	3350	0.010121188974448404
3361	3361	0
3368	3368	0
3372	3372	0
3385	3385	0
3388	3388	0
3389	3389	0
3396	3396	0
3397	3397	0
3398	3398	0
3402	3402	0
3403	3403	0
3435	3435	0
3436	3436	0.006748503688035077
3447	3447	0
3455	3455	0
3459	3459	0.03504465598069472
3460	3460	0.03501986881099145
3492	3492	0
3495	3495	0.003988715700603068
3496	3496	0
3506	3506	0
3515	3515	0
3532	3532	0
3538	3538	0.005868767523607996
3569	3569	0
3593	3593	0
3605	3605	0.0018692053781033577
3613	3613	0
3620	3620	0
3621	3621	0
3636	3636	0
3637	3637	0
3639	3639	0.033938720108575814
3640	3640	4.5853325924628715e-4
3645	3645	0
3650	3650	0
3655	3655	0
3656	3656	0
3657	3657	0
3658	3658	0
3659	3659	0
3660	3660	0
3665	3665	0
3667	3667	0
3669	3669	0
3679	3679	0
3680	3680	0
3683	3683	0
3684	3684	0
3698	3698	0
3709	3709	0.015262981495325852
3712	3712	0
3752	3752	0.034360744871928334
3763	3763	0
3764	3764	0
3765	3765	0
3767	3767	0
3771	3771	0
3782	3782	0
3797	3797	0
3809	3809	0
3810	3810	0
3826	3826	0
3832	3832	0
3837	3837	0
3839	3839	0
3852	3852	0
3853	3853	0
3859	3859	0
3863	3863	0
3872	3872	0.0028235790355854336
3909	3909	0
3925	3925	0
3928	3928	0
3931	3931	0
3940	3940	0
3948	3948	0
3951	3951	0
3954	3954	0
3964	3964	0
3980	3980	0
3985	3985	0
3993	3993	0.0018692053781033577
3998	3998	0
4003	4003	0
4004	4004	0.0018692053781033577
4005	4005	0
4011	4011	0
4013	4013	0
4015	4015	0.0111315845242821
4031	4031	0
4040	4040	0
4043	4043	0
4045	4045	0
4054	4054	0
4063	4063	0
4066	4066	0
4068	4068	0
4079	4079	0
4172	4172	0
4173	4173	0.0018692053781033577
4174	4174	0
4196	4196	0
4199	4199	0
4207	4207	0
4213	4213	0.0018692053781033577
4214	4214	0
4217	4217	0.0018692053781033577
4218	4218	0
4228	4228	0
4248	4248	0
4267	4267	0
4276	4276	0
4277	4277	0
4280	4280	0
4281	4281	0
4289	4289	0.014452708034768433
4300	4300	0
4303	4303	0
4304	4304	0
4305	4305	0
4316	4316	0
4318	4318	0
4319	4319	0
4320	4320	0.0018692053781033577
4327	4327	0
4340	4340	0
4348	4348	0
4371	4371	0
4383	4383	0
4394	4394	0
4414	4414	0
4419	4419	0.005244274033385917
4426	4426	0
4441	4441	0
4471	4471	0.003425684851483917
4480	4480	0
4486	4486	0
4501	4501	0
4508	4508	0.01949924579071388
4515	4515	0.0018692053781033577
4516	4516	0.003243731516568893
4525	4525	0
4529	4529	0
4533	4533	0
4537	4537	0
4542	4542	0
4544	4544	0.0018692053781033577
4545	4545	0
4546	4546	0
4547	4547	0
4549	4549	0
4551	4551	0.0037349254916986606
4552	4552	0.0018692053781033577
4572	4572	0
4573	4573	0
4575	4575	0
4577	4577	0
4578	4578	0
4579	4579	0
4580	4580	0
4581	4581	0.003786737045472375
4603	4603	0.012386075857259099
4606	4606	0
4608	4608	0
4609	4609	0
4615	4615	0
4618	4618	0
4619	4619	0
4623	4623	0
4625	4625	0
4626	4626	0
4629	4629	0
4630	4630	0.0016668597031679478
4631	4631	0
4644	4644	0
4648	4648	0.01643002369469154
4649	4649	0
4651	4651	0
4652	4652	0
4653	4653	0
4655	4655	0
4657	4657	0
4658	4658	0
4660	4660	0.009610325263429769
4661	4661	0
4662	4662	0
4663	4663	0.002909100444498164
4666	4666	0
4672	4672	0.013238249516212799
4677	4677	0
4680	4680	0.0030992097399057594
4691	4691	0
4692	4692	0
4699	4699	0
4702	4702	0
4715	4715	0
4719	4719	0.0018692053781033577
4734	4734	0
4743	4743	0
4747	4747	0
4751	4751	0
4767	4767	0.0034498358396931133
4781	4781	0
4790	4790	0
4791	4791	0
4792	4792	0
4793	4793	0
4798	4798	0.0015497639791396478
4805	4805	0
4807	4807	0
4811	4811	0
4835	4835	0
4869	4869	0
4877	4877	0.0020277047689489657
4887	4887	0
4892	4892	0
4907	4907	0
4929	4929	0
4944	4944	0
4945	4945	0
4946	4946	0
4949	4949	0
4972	4972	0
5020	5020	0
5021	5021	0.00680994220510052
5025	5025	0
5026	5026	0
5038	5038	0
5040	5040	0
5042	5042	0
5063	5063	0.012165891631513466
5071	5071	0.0018692053781033577
5076	5076	0
5083	5083	0
5085	5085	0
5092	5092	0
5103	5103	0
5117	5117	0
5128	5128	0
5142	5142	0
5148	5148	0
5153	5153	0.0018692053781033577
5157	5157	0
5229	5229	0.0018692053781033577
5252	5252	0
5253	5253	0
5317	5317	0
5322	5322	0.0025264230481080096
5403	5403	0
5406	5406	0
5407	5407	0
5408	5408	0
5431	5431	0
5434	5434	0
5465	5465	0.0037550869418279866
5475	5475	0
5503	5503	0.005375412203535542
5506	5506	0
5535	5535	0
5556	5556	0
5558	5558	0
5561	5561	0
5606	5606	0
5607	5607	0
5672	5672	0
5679	5679	0
5696	5696	0
5700	5700	0
5703	5703	0
5708	5708	0
5738	5738	0.0013242396236062318
5746	5746	0
5758	5758	0
5767	5767	0
5770	5770	0
5802	5802	0.0012434877692843055
5820	5820	0
5821	5821	0
5835	5835	0
5838	5838	0
5845	5845	0.005430276262926801
5846	5846	0
5847	5847	0
5849	5849	0
5853	5853	0
5869	5869	0
5871	5871	0
5872	5872	0
5873	5873	0.0029997688452277375
5918	5918	0
5926	5926	0
5937	5937	0
5938	5938	0
5939	5939	0.0018692053781033577
5940	5940	0
5941	5941	0
5949	5949	0
5950	5950	0
5951	5951	0
5954	5954	0
5955	5955	0
5962	5962	0.004099444840101407
5970	5970	0
5988	5988	0
6008	6008	0
6014	6014	0.001963758533391212
6015	6015	0.003243731516568893
6036	6036	0.00444162140190371
6038	6038	0
6039	6039	0
6069	6069	0
6070	6070	0
6071	6071	0
6080	6080	0
6088	6088	0
6094	6094	0
6097	6097	0
6101	6101	0
6105	6105	0
6113	6113	0
6124	6124	0
6126	6126	0
6132	6132	0
6136	6136	0
6168	6168	0
6174	6174	0
6179	6179	0
6203	6203	0.015851670888523454
6204	6204	0
6220	6220	0.004432098126727866
6221	6221	0
6226	6226	0
6263	6263	0
6274	6274	6.01605042985604e-4
6301	6301	0
6302	6302	0
6305	6305	0.004763160091839964
6306	6306	0
6348	6348	0
6357	6357	0.0018692053781033577
6359	6359	0
6360	6360	0
6368	6368	0
6369	6369	0
6378	6378	0
6385	6385	0
6386	6386	0
6403	6403	0
6404	6404	0
6407	6407	0
6429	6429	0
6435	6435	0
6441	6441	0
6446	6446	0.0032815014346353135
6447	6447	0
6457	6457	0
6502	6502	0
6503	6503	0.01735305787979574
6508	6508	0
6519	6519	0
6529	6529	0
6535	6535	0
6548	6548	0
6552	6552	0
6571	6571	0
6572	6572	0
6580	6580	0
6597	6597	0
6615	6615	0
6616	6616	0
6618	6618	0
6619	6619	0
6628	6628	0
6629	6629	0
6636	6636	0
6638	6638	0.006902104828517699
6680	6680	9.563667516849829e-4
6691	6691	0
6696	6696	0
6701	6701	0.03437780673437444
6704	6704	0.0018692053781033577
6710	6710	0
6726	6726	0
6757	6757	0
6762	6762	0
6763	6763	0
6769	6769	0
6770	6770	0
6808	6808	0
6842	6842	0
6843	6843	0
6886	6886	0
6904	6904	0
6937	6937	0
6986	6986	0
7018	7018	0
7030	7030	0.003098661872690916
7035	7035	0
7050	7050	0
7074	7074	0
7092	7092	0
7097	7097	0
7115	7115	0.005721278888459004
7133	7133	0
7138	7138	0
7146	7146	0.004978434820937408
7147	7147	0
7153	7153	0
7164	7164	0
7181	7181	0
7184	7184	0
7196	7196	0
7197	7197	0
7208	7208	0
7209	7209	0
7224	7224	0
7227	7227	0
7241	7241	0
7264	7264	0
7269	7269	0
7277	7277	0
7284	7284	0
7295	7295	0
7297	7297	0
7312	7312	0
7325	7325	0
7329	7329	0
7334	7334	0
7364	7364	0
7369	7369	0
7382	7382	0.0018692053781033577
7392	7392	0.012731114463416019
7394	7394	0
7399	7399	0
7402	7402	0
7414	7414	0
7427	7427	0
7432	7432	0
7448	7448	0
7474	7474	0
7493	7493	0
7494	7494	0
7497	7497	0
7502	7502	0
7505	7505	0
7513	7513	0
7514	7514	0
7515	7515	0
7528	7528	0
7529	7529	0
7536	7536	0
7538	7538	0
7541	7541	0.00310832020507632
7543	7543	0.03502519471635038
7544	7544	0.03503530318616964
7570	7570	0
7573	7573	0
7578	7578	0
7582	7582	0
7583	7583	0
7584	7584	0.003465954620853264
7591	7591	0
7592	7592	0
7596	7596	0
7601	7601	0.01561427088985209
7603	7603	0.0018692053781033577
7607	7607	0.00435689248245087
7616	7616	0
7622	7622	0
7626	7626	0
7629	7629	0
7631	7631	0.03097802511601836
7647	7647	0
7653	7653	0
7655	7655	0
7660	7660	0.003395670250532948
7666	7666	0
7667	7667	0
7674	7674	0
7678	7678	0
7679	7679	0
7686	7686	0
7688	7688	0
7699	7699	0
7704	7704	0
7709	7709	0
7712	7712	0
7716	7716	0
7717	7717	0.011382880776141607
7722	7722	0
7726	7726	0
7737	7737	0.009225868204424996
7750	7750	0
7752	7752	0
7775	7775	0
7780	7780	0
7787	7787	0
7788	7788	0
7790	7790	0
7807	7807	0
7808	7808	0.0018692053781033577
7809	7809	0.003076522599095752
7810	7810	0
7812	7812	0
7825	7825	0
7826	7826	0
7831	7831	0
7834	7834	0.002914913104980808
7835	7835	0
7836	7836	0
7837	7837	0
7838	7838	0
7867	7867	0
7868	7868	0
7872	7872	0.0034845289341648438
7876	7876	0.0018692053781033577
7882	7882	0
7884	7884	0
7886	7886	0
7902	7902	0.012896889826623516
7919	7919	0
7928	7928	0
7929	7929	0
7948	7948	0.0027526575265916075
7955	7955	0
7959	7959	0
7961	7961	0
7965	7965	0
7969	7969	0
7981	7981	0
7991	7991	0
8017	8017	0.0018692053781033577
8018	8018	0
8021	8021	0
8023	8023	0
8027	8027	0
8072	8072	0
8077	8077	0
8085	8085	0
8103	8103	0.005169489650364723
8105	8105	0
8139	8139	0
8140	8140	0
8142	8142	0
8148	8148	0
8154	8154	0
8173	8173	0
8181	8181	0
8188	8188	0
8193	8193	0.0018692053781033577
8194	8194	0
8222	8222	0
8223	8223	0
8242	8242	0.005018852530864207
8246	8246	0
8254	8254	0.0037123343614831688
8260	8260	0
8276	8276	0
8278	8278	0
8285	8285	0
8288	8288	0
8299	8299	0
8300	8300	0
8301	8301	0
8318	8318	0.0015077427905059552
8343	8343	0.003352482196763639
8344	8344	0
8347	8347	0
8348	8348	0.0018692053781033577
8352	8352	0.006466802052546293
8353	8353	0
8356	8356	0
8357	8357	0
8358	8358	0
8363	8363	0
8380	8380	0
8382	8382	0
8391	8391	0
8404	8404	0
8413	8413	0
8417	8417	0
8421	8421	0
8427	8427	0
8440	8440	0
8447	8447	0
8464	8464	0.0034803432074504634
8480	8480	0.015034356057613852
8484	8484	0.0018692053781033577
8495	8495	0
8500	8500	0.0346849607281065
8502	8502	0
8506	8506	0
8510	8510	0
8521	8521	0
8523	8523	0
8526	8526	0
8531	8531	0.002926999332954874
8563	8563	0
8568	8568	0
8574	8574	0
8579	8579	0
8585	8585	0.003465954620853264
8615	8615	0
8637	8637	0.002598452212159366
8663	8663	0.0035252080930854635
8670	8670	0.0018692053781033577
8671	8671	0
8675	8675	0
8676	8676	0
8677	8677	0
8682	8682	0.005437352364325529
8684	8684	0
8698	8698	0.016493654434776083
8699	8699	0
8700	8700	0
8701	8701	0
8712	8712	0.004254085641376965
8713	8713	0
8715	8715	0
8717	8717	0
8718	8718	0
8730	8730	0
8738	8738	0
8739	8739	0
8743	8743	0
8752	8752	0
8753	8753	0
8762	8762	0
8794	8794	0.005400692742166434
8800	8800	0
8806	8806	0
8825	8825	0
8842	8842	0
8850	8850	0
8867	8867	0
8891	8891	0
8908	8908	0
8916	8916	0
8918	8918	0
8919	8919	0
8921	8921	0
8936	8936	0
8943	8943	0
8946	8946	0
8956	8956	0
8957	8957	0
8970	8970	0
8980	8980	0
8981	8981	0
8982	8982	0
8991	8991	0
9001	9001	0
9003	9003	0
9006	9006	0
9007	9007	0
9009	9009	0
9023	9023	0
9029	9029	0
9037	9037	0.003596486705816229
9038	9038	0
9045	9045	0
9046	9046	0
9064	9064	0
9074	9074	0
9075	9075	0
9076	9076	0
9083	9083	0
9092	9092	0
9093	9093	0
9095	9095	0
9115	9115	0
9120	9120	0.005330803001354949
9130	9130	0
9132	9132	0
9133	9133	0
9136	9136	0
9144	9144	0
9145	9145	0
9162	9162	0
9168	9168	0
9171	9171	0
9172	9172	0
9187	9187	0
9196	9196	0
9200	9200	0
9209	9209	0
9230	9230	0
9240	9240	0
9242	9242	0.0018692053781033577
9258	9258	0
9264	9264	0
9285	9285	0
9286	9286	0
9292	9292	0.0035305339242567278
9302	9302	0
9305	9305	0
9315	9315	0
9316	9316	0
9318	9318	0
9325	9325	0
9334	9334	0
9346	9346	0
9347	9347	0
9352	9352	0.010291783393439018
9362	9362	0
9373	9373	0
9382	9382	0
9406	9406	0
9407	9407	0.0018692053781033577
9420	9420	0
9444	9444	0
9456	9456	0
9462	9462	0.0016031199415992602
9481	9481	0
9482	9482	0
9484	9484	0.0060866512249776765
9511	9511	0
9549	9549	0
9561	9561	0.0018692053781033577
9563	9563	0.0016668597031679478
9569	9569	0
9571	9571	0.008457811493625312
9578	9578	0
9579	9579	0
9600	9600	0.0030275158009620833
9616	9616	0
9621	9621	0
9622	9622	0
9623	9623	0
9632	9632	0.011040429577267998
9639	9639	0
9643	9643	0.0018692053781033577
9646	9646	0
9648	9648	0
9649	9649	0
9662	9662	0.03358291023635073
9665	9665	0
9666	9666	0
9667	9667	0
9669	9669	0
9674	9674	0
9702	9702	0.001548989330269841
9718	9718	0
9723	9723	0
9736	9736	0
9737	9737	0
9738	9738	0
9739	9739	0
9740	9740	0
9761	9761	0
9765	9765	0
9767	9767	0
9773	9773	0
9786	9786	0
9791	9791	0
9797	9797	0
9801	9801	0
9814	9814	0
9831	9831	0
9832	9832	0
9849	9849	0.0028703417693336183
9860	9860	0
9868	9868	0
9870	9870	0
9881	9881	0
9893	9893	0
9895	9895	0
9896	9896	0.005374812408796722
9900	9900	0
9922	9922	0
9933	9933	0.005552810479575783
9934	9934	0
9945	9945	0
9950	9950	0
9962	9962	0.0051340206310861326
9964	9964	0
9966	9966	6.156257175093866e-4
9968	9968	0
9978	9978	0
9980	9980	0
9986	9986	0
9999	9999	0
10010	10010	0
10015	10015	0
10018	10018	0
10029	10029	0.003685270094312874
10030	10030	0
10032	10032	0.0018692053781033577
10038	10038	0
10047	10047	0
10048	10048	0
10057	10057	0
10059	10059	0
10061	10061	0
10062	10062	0
10078	10078	0
10079	10079	0
10097	10097	0
10102	10102	0
10103	10103	0
10108	10108	0
10112	10112	0
10115	10115	0.006060822788872351
10129	10129	0.004093217024187866
10130	10130	0.0017342876534504632
10140	10140	0
10144	10144	0
10155	10155	0
10166	10166	0
10175	10175	0
10178	10178	0
10184	10184	0
10185	10185	0
10186	10186	0
10187	10187	0
10188	10188	0
10189	10189	0
10194	10194	0
10199	10199	0
10201	10201	0
10202	10202	0
10220	10220	0
10230	10230	0
10236	10236	0
10239	10239	0
10246	10246	0
10247	10247	0
10255	10255	0
10263	10263	0
10265	10265	0
10294	10294	0
10295	10295	0
10296	10296	0
10309	10309	0.0018692053781033577
10310	10310	0
10311	10311	0
10312	10312	0
10313	10313	0
10328	10328	0
10338	10338	0
10358	10358	0
10359	10359	0
10360	10360	0
10367	10367	0
10373	10373	0
10375	10375	0
10376	10376	0
10383	10383	0
10385	10385	0
10387	10387	0
10398	10398	0
10399	10399	0
10412	10412	0
10430	10430	0
10432	10432	0
10433	10433	0.005335399744421894
10436	10436	0
10451	10451	0
10463	10463	0
10474	10474	6.431423900218274e-4
10479	10479	0
10480	10480	0
10487	10487	0
10495	10495	0
10498	10498	0
10512	10512	0
10524	10524	0.010086291848303003
10525	10525	0
10526	10526	0
10527	10527	0.0032431591377934375
10529	10529	0
10534	10534	0
10540	10540	0
10544	10544	0
10546	10546	0.003509981949817785
10553	10553	0
10556	10556	0
10559	10559	0.004014395988085075
10567	10567	0
10569	10569	0
10586	10586	0.0018692053781033577
10590	10590	0.0033382132405961784
10591	10591	0
10599	10599	0
10600	10600	0
10604	10604	0
10605	10605	0
10607	10607	0
10610	10610	0
10617	10617	0
10618	10618	0
10626	10626	0.005558930193805232
10632	10632	0
10637	10637	0
10642	10642	0
10646	10646	0
10654	10654	0
10656	10656	0
10660	10660	0
10663	10663	0
10677	10677	0
10679	10679	0.0018692053781033577
10681	10681	0
10683	10683	0.0025088843381032774
10685	10685	0
10686	10686	0
10688	10688	0
10695	10695	4.963213933618681e-4
10696	10696	0.004928447969018055
10699	10699	0
10700	10700	0
10701	10701	0
10702	10702	0
10709	10709	0.003706003156386244
10729	10729	0
10732	10732	0
10733	10733	0
10735	10735	0.0029250105313470423
10736	10736	0
10737	10737	0
10738	10738	0
10740	10740	0
10741	10741	0
10746	10746	0
10747	10747	0
10753	10753	0
10764	10764	0
10765	10765	0
10766	10766	0
10774	10774	0.0018692053781033577
10777	10777	0
10784	10784	0
10791	10791	0
10792	10792	0.013045027976492101
10799	10799	0
10801	10801	0
10807	10807	0
10810	10810	0
10817	10817	0.003487460552864613
10818	10818	0
10819	10819	0
10820	10820	0
10821	10821	0
10826	10826	0
10827	10827	0.0018692053781033577
10828	10828	0
10829	10829	0
10831	10831	0
10836	10836	0
10837	10837	0
10841	10841	0.0018692053781033577
10857	10857	0
10861	10861	0
10865	10865	0
10869	10869	0
10870	10870	0
10884	10884	0
10886	10886	0.034912056958744705
10887	10887	0
10888	10888	0
10891	10891	0
10910	10910	0
10915	10915	0
10927	10927	0
10938	10938	0
10941	10941	0
10943	10943	0
10964	10964	0
10968	10968	0
10970	10970	0.01666611676003808
10977	10977	0
10980	10980	0
10983	10983	0
10985	10985	0
10986	10986	0
10987	10987	0.0018692053781033577
10988	10988	0
11000	11000	0
11020	11020	0
11024	11024	0
11028	11028	0
11036	11036	0
11038	11038	0
11059	11059	0
11061	11061	0
11063	11063	0
11067	11067	0
11072	11072	0
11074	11074	0
11075	11075	0
11084	11084	0
11089	11089	7.250405328561425e-4
11091	11091	0
11113	11113	0
11120	11120	0.005145430681788639
11149	11149	0
11150	11150	0
11151	11151	0.003135732506492436
11152	11152	0
11166	11166	0
11168	11168	0
11172	11172	0
11178	11178	0
11183	11183	0
11185	11185	0
11191	11191	0
11192	11192	0.003685270094312874
11199	11199	0
11200	11200	0
11209	11209	0
11213	11213	0
11214	11214	0
11216	11216	0
11217	11217	0
11227	11227	0
11228	11228	0
11236	11236	0
11237	11237	0
11244	11244	0
11251	11251	0
11254	11254	0
11261	11261	0
11265	11265	0
11266	11266	0
11271	11271	0
11272	11272	0
11275	11275	0
11276	11276	0
11279	11279	0.013903627274275045
11283	11283	0
11290	11290	0
11295	11295	0
11301	11301	0
11307	11307	0
11315	11315	0
11316	11316	0
11326	11326	0
11346	11346	0
11355	11355	0
11357	11357	0
11362	11362	0.00849639869841703
11380	11380	0
11385	11385	0
11391	11391	0
11397	11397	0
11398	11398	0
11403	11403	0
11404	11404	0
11415	11415	0
11420	11420	0
11421	11421	0
11429	11429	0
11432	11432	0
11433	11433	0
11440	11440	0
11447	11447	0
11450	11450	0
11461	11461	0
11462	11462	0
11463	11463	0.003369633774070622
11479	11479	0
11481	11481	0
11488	11488	0
11495	11495	0
11497	11497	0.0029278702818272906
11499	11499	0
11501	11501	0.004191763485618175
11503	11503	0.0018692053781033577
11531	11531	0
11543	11543	0
11544	11544	0
11561	11561	0
11562	11562	0
11569	11569	0
11590	11590	0
11594	11594	0
11611	11611	0
11621	11621	0
11624	11624	0
11627	11627	0
11628	11628	0
11632	11632	0.03479865719307084
11633	11633	0
11639	11639	0
11648	11648	0.003852034543962077
11652	11652	0
11654	11654	0.0016668597031679478
11655	11655	0
11664	11664	0
11665	11665	0
11672	11672	0
11677	11677	0.0020115983696129994
11678	11678	0
11683	11683	0
11689	11689	0.005508545536493724
11692	11692	0
11694	11694	0
11705	11705	0
11709	11709	0
11711	11711	0
11722	11722	0.015910657276339273
11723	11723	0
11746	11746	0
11747	11747	0
11750	11750	0
11758	11758	0
11759	11759	0
11762	11762	0
11769	11769	0
11774	11774	0
11778	11778	0
11779	11779	0
11782	11782	0
11791	11791	0
11798	11798	0
11801	11801	0.010066364107083862
11802	11802	0
11808	11808	0
11818	11818	0
11819	11819	0
11820	11820	0.013779135392409263
11828	11828	0
11832	11832	0
11833	11833	0
11841	11841	0
11855	11855	0.0018692053781033577
11857	11857	0
11865	11865	0
11882	11882	0
11907	11907	0
11908	11908	0
11912	11912	0
11914	11914	0.0036993096428509656
11915	11915	0
11916	11916	0
11917	11917	0
11918	11918	0
11927	11927	0
11928	11928	0
11936	11936	0
11937	11937	0
11938	11938	0
11945	11945	0
11946	11946	0
11948	11948	0
11951	11951	0
11952	11952	0.01208303809018664
11956	11956	0
11957	11957	0
11963	11963	0
11969	11969	0
11970	11970	0
11980	11980	0
11984	11984	0
11985	11985	0
11987	11987	0.003627914331301168
11997	11997	0
11999	11999	0
12001	12001	0
12005	12005	0
12019	12019	0
12029	12029	0
12039	12039	0
12041	12041	0
12049	12049	0
12072	12072	0.003333702737490092
12083	12083	0
12087	12087	0.002639374525747597
12094	12094	0
12102	12102	0
12105	12105	0
12108	12108	0
12112	12112	0
12113	12113	0
12116	12116	0
12127	12127	0
12128	12128	0
12129	12129	0
12130	12130	0
12154	12154	0
12158	12158	0.0035190485389740753
12159	12159	0
12172	12172	0
12177	12177	0
12184	12184	0.004969479886369153
12203	12203	0
12206	12206	0
12207	12207	0.004494197456919592
12212	12212	0
12220	12220	0
12221	12221	0
12231	12231	0
12240	12240	0
12242	12242	0.006987355805084264
12246	12246	0
12248	12248	0.0015534596213710595
12249	12249	0
12250	12250	0
12266	12266	0.0017608765763352707
12273	12273	0
12277	12277	0
12289	12289	0
12292	12292	0
12295	12295	0
12299	12299	0
12300	12300	0
12309	12309	0.0200357425278001
12310	12310	0.02395615230807232
12316	12316	0
12325	12325	0
12334	12334	0
12337	12337	0
12340	12340	0
12347	12347	0
12350	12350	0
12351	12351	0
12354	12354	0
12356	12356	0.010168348761217687
12360	12360	0
12372	12372	0
12391	12391	0
12394	12394	0
12396	12396	0.004094152505633287
12399	12399	0
12400	12400	0
12406	12406	0
12408	12408	0
12421	12421	0
12424	12424	0
12439	12439	0.013956484467859057
12444	12444	0
12463	12463	0.00861513441875132
12472	12472	0
12473	12473	0
12474	12474	0.0034537052833113965
12480	12480	0.0018692053781033577
12498	12498	0
12502	12502	0
12503	12503	0
12515	12515	0
12521	12521	0
12538	12538	0
12565	12565	0.003344315551650986
12566	12566	0
12573	12573	0
12574	12574	0.005679024232415268
12575	12575	0
12584	12584	0.0018692053781033577
12585	12585	0
12590	12590	0
12620	12620	0
12622	12622	0
12630	12630	0
12635	12635	0
12647	12647	0
12648	12648	0
12650	12650	0
12652	12652	0
12664	12664	0.003902720073482396
12668	12668	0
12676	12676	0
12690	12690	0
12710	12710	0
12718	12718	0.004643010392954628
12719	12719	0
12723	12723	0.004457922539472655
12727	12727	0
12728	12728	0
12730	12730	0.034798468138823986
12732	12732	0
12733	12733	0
12734	12734	0
12743	12743	0
12752	12752	0
12754	12754	0
12756	12756	0
12760	12760	0
12761	12761	0
12762	12762	0
12764	12764	0
12766	12766	5.052333937087574e-4
12768	12768	0
12772	12772	0
12781	12781	0.003671967147406103
12790	12790	0
12791	12791	0
12792	12792	0.001730689276540343
12807	12807	0
12810	12810	0
12818	12818	0
12823	12823	0
12839	12839	0
12844	12844	0
12847	12847	0
12848	12848	0.035037485930809416
12850	12850	0.015339553891715716
12862	12862	0.03387353981683323
12864	12864	0.003609390423572419
12867	12867	0
12878	12878	0
12887	12887	0
12888	12888	0
12893	12893	0
12894	12894	0
12901	12901	0
12905	12905	0
12909	12909	0
12914	12914	0
12922	12922	0
12926	12926	0
12932	12932	0
12939	12939	0
12952	12952	0
12961	12961	0.006831410808177787
12962	12962	0
12963	12963	0
12964	12964	0.0030165175376194145
12966	12966	0
12985	12985	0.003164369285312611
12986	12986	0.0024168956276710307
13005	13005	0.011803171628684613
13022	13022	0
13028	13028	0
13030	13030	0
13033	13033	0
13035	13035	0
13036	13036	0
13037	13037	0
13038	13038	0.0018745048795420203
13041	13041	0
13044	13044	0
13051	13051	0
13053	13053	0
13058	13058	0
13060	13060	0
13065	13065	0
13069	13069	0.0047846301546376965
13071	13071	0
13074	13074	0
13075	13075	0
13078	13078	0
13081	13081	0
13087	13087	0
13088	13088	0
13094	13094	0.0037839547369284553
13096	13096	0
13106	13106	0
13107	13107	0.017717680297231957
13118	13118	0
13146	13146	0
13151	13151	0
13153	13153	0
13158	13158	0
13159	13159	0
13160	13160	0
13161	13161	0
13162	13162	0
13163	13163	0
13164	13164	0
13165	13165	0
13166	13166	0
13172	13172	0
13173	13173	0
13178	13178	0
13181	13181	0
13182	13182	0
13183	13183	0
13184	13184	0
13185	13185	0
13187	13187	0
13188	13188	0
13189	13189	0
13190	13190	0
13191	13191	0
13192	13192	0
13198	13198	0
13199	13199	0
13200	13200	0
13201	13201	0
13202	13202	0
13205	13205	0
13212	13212	0
13222	13222	0
13257	13257	0
13259	13259	0
13261	13261	0
13262	13262	0
13263	13263	0
13266	13266	0
13286	13286	0
13292	13292	0
13299	13299	0
13310	13310	0
13311	13311	0
13314	13314	0
13322	13322	0
13333	13333	0
13339	13339	0
13342	13342	0
13355	13355	0
13372	13372	0.0073749707175778485
13405	13405	0.033192265421401426
13406	13406	0
13409	13409	0.0018692053781033577
13411	13411	0
13414	13414	0
13415	13415	0
13418	13418	0
13419	13419	0.005576871981134466
13424	13424	0.008502807612029293
13428	13428	0.0018692053781033577
13435	13435	0
13454	13454	0
13456	13456	0
13458	13458	0
13459	13459	0
13460	13460	0
13463	13463	0
13465	13465	0
13468	13468	0.0017206604869961669
13469	13469	0
13470	13470	0
13471	13471	0
13480	13480	0
13496	13496	0
13497	13497	0
13508	13508	0
13527	13527	0
13530	13530	0
13543	13543	0
13544	13544	0
13545	13545	0
13550	13550	0
13553	13553	0
13596	13596	0.0018692053781033577
13618	13618	0.003902720073482396
13638	13638	0
13639	13639	0
13644	13644	0
13651	13651	0
13655	13655	0
13664	13664	0
13666	13666	0
13667	13667	0
13668	13668	0
13674	13674	0
13678	13678	0
13689	13689	0
13702	13702	0
13705	13705	0
13712	13712	0
13714	13714	0
13719	13719	0
13729	13729	0
13732	13732	0
13740	13740	0.0018692053781033577
13742	13742	0
13767	13767	0
13773	13773	0
13774	13774	0
13782	13782	0
13792	13792	0
13793	13793	0
13796	13796	3.788646422248064e-4
13811	13811	0
13814	13814	0
13819	13819	0
13820	13820	0
13829	13829	0
13835	13835	0
13836	13836	0
13869	13869	0
13870	13870	0
13873	13873	0
13874	13874	0
13878	13878	0
13883	13883	0
13885	13885	0.017753519065882333
13887	13887	0.0068469740383088765
13895	13895	0
13906	13906	0
13924	13924	0
13925	13925	0
13937	13937	0.007518987515363554
13948	13948	0.0018692053781033577
13952	13952	0
13953	13953	0
13954	13954	0.0032546844049314593
13955	13955	0.0032239313315727434
13956	13956	0
13960	13960	0
13961	13961	0
13964	13964	0
13965	13965	0
13968	13968	0
13990	13990	0
13991	13991	0
13993	13993	0
13995	13995	0
13996	13996	0.01435700046561508
14002	14002	0.0034607730079573547
14039	14039	0
14054	14054	0
14081	14081	0
14084	14084	0
14089	14089	0
14090	14090	0.0039849092936359715
14099	14099	0
14100	14100	0
14101	14101	0
14102	14102	0.0031646907495834565
14103	14103	0.012320573711431238
14104	14104	0
14105	14105	0
14106	14106	0
14107	14107	0
14108	14108	0
14109	14109	0
14110	14110	0
14112	14112	0
14113	14113	0
14115	14115	0
14116	14116	0
14123	14123	0
14125	14125	0
14126	14126	0
14130	14130	0.003711127883678784
14132	14132	0.0018692053781033577
14136	14136	0
14142	14142	0.03428969103549867
14143	14143	0
14144	14144	0
14147	14147	0.0018692053781033577
14150	14150	0
14151	14151	0.0018692053781033577
14152	14152	0
14155	14155	0
14165	14165	0
14175	14175	0
14179	14179	0
14181	14181	0
14189	14189	0
14190	14190	0
14197	14197	0
14208	14208	0
14220	14220	0
14229	14229	0
14237	14237	0.0034252996864961153
14241	14241	0.014487632168741256
14256	14256	0
14258	14258	0
14259	14259	0
14263	14263	0
14284	14284	0
14286	14286	0
14291	14291	0
14296	14296	0
14297	14297	0
14304	14304	0
14325	14325	0
14330	14330	0
14332	14332	0
14334	14334	0
14344	14344	0
14353	14353	0
14361	14361	0
14370	14370	0.002945679389117563
14379	14379	0
14380	14380	0.0016668597031679478
14381	14381	0
14383	14383	0
14393	14393	0
14398	14398	0
14418	14418	0
14421	14421	0
14422	14422	0
14436	14436	0
14438	14438	0
14444	14444	0
14483	14483	0
14504	14504	0
14505	14505	0
14517	14517	0
14519	14519	0
14520	14520	0.003572812005761101
14531	14531	0
14546	14546	0
14555	14555	0
14559	14559	0
14570	14570	0
14576	14576	0
14581	14581	0
14588	14588	0.003465954620853264
14590	14590	0
14591	14591	0
14597	14597	0.0016991001024055513
14598	14598	0
14603	14603	0
14613	14613	0
14625	14625	0
14636	14636	0
14641	14641	0
14650	14650	0
14671	14671	0
14676	14676	0
14695	14695	0
14704	14704	0
14707	14707	0.0075206595884061665
14720	14720	0
14722	14722	0
14724	14724	0
14734	14734	0
14735	14735	0.0015453031023613302
14739	14739	0
14747	14747	0
14748	14748	0
14749	14749	0
14759	14759	0
14761	14761	0
14764	14764	0
14778	14778	0
14783	14783	0
14784	14784	0
14785	14785	0
14789	14789	0
14796	14796	0
14797	14797	0
14810	14810	0
14812	14812	0
14816	14816	0
14825	14825	0
14831	14831	0.008450445177239089
14832	14832	0
14833	14833	0.015555508978244838
14835	14835	0
14836	14836	0
14839	14839	0.004790957529950668
14855	14855	0
14869	14869	0
14870	14870	0
14875	14875	0
14883	14883	0
14887	14887	0
14892	14892	0
14894	14894	0.005084848990652586
14896	14896	0
14902	14902	0.0018692053781033577
14913	14913	0
14918	14918	0.005814826395654834
14919	14919	0.034925831281305726
14928	14928	0
14934	14934	0
14935	14935	0
14944	14944	0
14946	14946	0
14949	14949	0.012468318888826444
14979	14979	0
14986	14986	0
14990	14990	0
15007	15007	0
15012	15012	0
15013	15013	0.0018692053781033577
15023	15023	0.0018692053781033577
15024	15024	0.0018692053781033577
15028	15028	0
15065	15065	0
15070	15070	0
15091	15091	0
15102	15102	0
15103	15103	0
15107	15107	0
15119	15119	0
15130	15130	0
15131	15131	0
15145	15145	0
15163	15163	0
15164	15164	0
15170	15170	0
15171	15171	0
15172	15172	0
15183	15183	0
15187	15187	0
15192	15192	0
15200	15200	0
15201	15201	0
15204	15204	0
15209	15209	0
15216	15216	0
15224	15224	0
15231	15231	0
15234	15234	0
15238	15238	0.0027831187955620566
15241	15241	0
15242	15242	0
15245	15245	0.00732649702380373
15248	15248	0
15253	15253	0.0016668597031679478
15263	15263	0
15284	15284	0
15285	15285	0
15287	15287	0.0018692053781033577
15322	15322	0
15323	15323	0.005436916066348582
15331	15331	0
15338	15338	0
15346	15346	0
15356	15356	0
15362	15362	0
15371	15371	0
15390	15390	0.005010085870346272
15393	15393	0
15400	15400	0
15406	15406	0
15436	15436	0
15437	15437	0
15440	15440	0
15456	15456	0
15485	15485	0
15503	15503	0
15508	15508	0
15516	15516	0
15521	15521	0
15523	15523	0
15527	15527	0
15531	15531	0
15535	15535	0
15542	15542	0.0025114322352402163
15545	15545	0
15546	15546	0
15550	15550	0
15567	15567	0
15570	15570	0
15574	15574	0
15575	15575	0
15576	15576	0
15579	15579	0
15588	15588	0
15599	15599	0
15618	15618	0
15619	15619	0
15627	15627	0
15630	15630	0.0018692053781033577
15637	15637	0.006467121689453916
15641	15641	0
15642	15642	0
15649	15649	0
15660	15660	0.03484434633026599
15663	15663	0
15677	15677	0.0018522060552882322
15692	15692	0.0027081486888403416
15697	15697	0
15703	15703	0
15704	15704	0
15710	15710	0
15715	15715	0
15717	15717	0
15722	15722	0.004062422469866317
15735	15735	0
15750	15750	0
15757	15757	0
15761	15761	0
15767	15767	0
15771	15771	0.001505698690352415
15778	15778	0
15781	15781	0
15785	15785	0
15800	15800	0
15803	15803	0
15815	15815	0
15819	15819	0
15820	15820	0
15836	15836	0
15848	15848	0
15862	15862	0
15864	15864	0
15889	15889	0
15892	15892	0
15901	15901	0.004656297315927058
15906	15906	0.00397912218236788
15914	15914	0
15916	15916	0
15924	15924	0
15939	15939	0
15940	15940	0.0349264869210235
15943	15943	0
15965	15965	0
15971	15971	0
15974	15974	0
15978	15978	0
15985	15985	0
15986	15986	0
15997	15997	0.004767958520703558
16011	16011	0
16021	16021	0.019492714579274865
16037	16037	0.0347938142179151
16043	16043	0
16044	16044	0
16047	16047	0
16048	16048	0
16051	16051	0
16101	16101	0
16107	16107	0
16117	16117	0.004460487173747363
16120	16120	0
16122	16122	0.034890504331161816
16123	16123	0
16125	16125	0
16129	16129	0
16146	16146	0
16148	16148	0
16153	16153	0
16158	16158	0
16159	16159	0
16179	16179	0
16182	16182	0
16185	16185	0
16186	16186	0
16187	16187	0
16197	16197	0
16200	16200	0.0018692053781033577
16201	16201	0.003685270094312874
16208	16208	0
16210	16210	0.0018692053781033577
16214	16214	0
16217	16217	0.002122683931030605
16221	16221	0
16243	16243	0
16296	16296	0
16299	16299	0
16300	16300	0
16301	16301	0
16302	16302	0
16303	16303	0
16305	16305	0
16309	16309	0
16312	16312	0
16355	16355	0
16599	16599	0
16663	16663	0
16752	16752	0
16921	16921	0
16954	16954	0
17005	17005	0
17103	17103	0.0018692053781033577
17256	17256	0.0027080570318269923
17271	17271	0
17356	17356	0
17357	17357	0
17467	17467	0
17468	17468	0
17532	17532	0
17533	17533	0
17540	17540	0
17545	17545	0
17608	17608	9.068407791217311e-4
17670	17670	0
17774	17774	0.0019198239580233336
17803	17803	0
17853	17853	0
17854	17854	0
17906	17906	0
17918	17918	0
17931	17931	0
17934	17934	0.0018692053781033577
18026	18026	0
18031	18031	0
18051	18051	0
18113	18113	0
18142	18142	0
18202	18202	0.017528522782070035
18218	18218	0.028906273463838564
18222	18222	0.0018692053781033577
18236	18236	0
18291	18291	0.004335866536654987
18349	18349	0
18365	18365	0
18367	18367	0
18403	18403	0
18417	18417	0.009717973951687716
18426	18426	0.0018692053781033577
18428	18428	0.0020633350520917223
18486	18486	6.70721284414573e-4
18549	18549	0
18560	18560	0.004312167404881218
18596	18596	0.0018692053781033577
18647	18647	0
18702	18702	0
18733	18733	0
18783	18783	0
18891	18891	0
18908	18908	0
19028	19028	0.0018692053781033577
19033	19033	0
19034	19034	0
19035	19035	0.0018692053781033577
19043	19043	0
19045	19045	0
19174	19174	0
19175	19175	0.017057148747971276
19220	19220	0
19221	19221	0.0019668350776545682
19223	19223	0
19226	19226	0.003902720073482396
19256	19256	0
19310	19310	0.0018692053781033577
19320	19320	0.0018692053781033577
19370	19370	0
19398	19398	0.0018692053781033577
19520	19520	0
19660	19660	0
19746	19746	0
19750	19750	0
19766	19766	0.0016395854343477236
19781	19781	0
19787	19787	0.003915896976380833
19793	19793	0
19827	19827	0.0023832246661706015
19830	19830	0.0018692053781033577
19861	19861	0.0018692053781033577
19874	19874	0
19879	19879	0
19904	19904	0
19943	19943	0.0038080147704243686
19945	19945	0
19950	19950	0.0018692053781033577
19987	19987	0.03491440675640172
20030	20030	0.003465954620853264
20059	20059	0
20109	20109	0
20129	20129	0
20137	20137	0
20139	20139	0
20158	20158	0
20209	20209	0.0019113434073521356
20210	20210	0.0018692053781033577
20239	20239	0
20250	20250	0.004426255323129553
20254	20254	0
20280	20280	0
20286	20286	0.004920951119917715
20303	20303	0
20324	20324	0
20362	20362	0
20363	20363	0
20367	20367	0
20368	20368	0.0033674848385906305
20383	20383	0
20420	20420	0
20424	20424	0
20479	20479	0
20520	20520	0
20524	20524	0
20527	20527	0
20529	20529	0
20548	20548	0
20549	20549	0
20550	20550	0
20594	20594	0
20616	20616	0.0018844411710688693
20617	20617	0
20628	20628	0
20629	20629	0
20638	20638	0
20639	20639	0
20640	20640	0
20678	20678	0
20682	20682	0
20687	20687	0
20689	20689	0
20692	20692	0.003806557022731837
20776	20776	0
20823	20823	0
20843	20843	0
20859	20859	0
20860	20860	0
20921	20921	0
20936	20936	0
20951	20951	0
20960	20960	0
20967	20967	0
20974	20974	0
20975	20975	0.010498197058672522
21026	21026	0
21075	21075	0.004435705772403127
21106	21106	0
21158	21158	0
21160	21160	0
21170	21170	0
21233	21233	0
21235	21235	0
21238	21238	0
21239	21239	0
21254	21254	0
21260	21260	0
21263	21263	0
21264	21264	0
21265	21265	0
21294	21294	0
21341	21341	0
21345	21345	0
21352	21352	0
21354	21354	0
21357	21357	0
21409	21409	0
21428	21428	0
21440	21440	0
21496	21496	0
21534	21534	0
21565	21565	0
21590	21590	0.006050270047360811
21597	21597	0
21605	21605	0
21606	21606	0
21620	21620	0
21627	21627	0.0142798766591768
21672	21672	0
21728	21728	0
21761	21761	0
21768	21768	0
21782	21782	0.005165908513690159
21804	21804	0
21806	21806	0.0029225281939020058
21813	21813	0.0016290340590971435
21815	21815	0
21816	21816	0
21828	21828	0.0013327203156269154
21835	21835	0
21858	21858	0
21866	21866	0
21884	21884	0
21888	21888	0
21889	21889	0
21925	21925	1.3645421451869742e-4
21978	21978	0
21993	21993	0
21995	21995	0
21996	21996	0
22004	22004	0
22024	22024	0
22025	22025	0
22026	22026	0
22034	22034	0
22040	22040	0
22041	22041	0
22042	22042	0
22043	22043	0
22128	22128	0.002595694536522995
22159	22159	0
22163	22163	0
22164	22164	0
22165	22165	0
22166	22166	0
22167	22167	0
22168	22168	0
22181	22181	0
22190	22190	0
22205	22205	0
22208	22208	0
22212	22212	0
22218	22218	0
22250	22250	0
22251	22251	0
22252	22252	0
22256	22256	0
22257	22257	0
22272	22272	0
22279	22279	0
22289	22289	0
22291	22291	0
22298	22298	0
22319	22319	0.015533798231414379
22342	22342	0
22359	22359	0
22384	22384	0
22385	22385	0.007227796684952381
22386	22386	0
22388	22388	0
22396	22396	0
22397	22397	0
22400	22400	0
22405	22405	0
22488	22488	0
22523	22523	0
22524	22524	0
22525	22525	0
22526	22526	0
22527	22527	0
22548	22548	0
22582	22582	0
22590	22590	0
22617	22617	0
22619	22619	0.0036688716224514387
22636	22636	0
22653	22653	0
22730	22730	0
22733	22733	0
22735	22735	0
22787	22787	0.004599816825151798
22791	22791	0.014322313064604906
22830	22830	0
22843	22843	0
22871	22871	0
22877	22877	0.014548900334605788
22905	22905	0
22923	22923	0
22964	22964	0
22997	22997	0.0073032711111667425
23060	23060	0
23244	23244	0.0010143471125587523
23411	23411	0
23413	23413	0
23414	23414	0
23432	23432	0
23517	23517	0
23531	23531	0
23562	23562	0
23577	23577	0.0018692053781033577
23588	23588	0
23604	23604	0
23687	23687	0
23822	23822	0
23828	23828	0
23901	23901	0
23925	23925	0.0018692053781033577
23962	23962	0
23963	23963	0
24108	24108	0
24165	24165	0
24393	24393	0
24536	24536	0
24539	24539	0
24580	24580	0
24626	24626	0.01928858964920194
24661	24661	0
24691	24691	0
24838	24838	0.003617414626646348
24859	24859	0
24862	24862	0
25144	25144	0
25185	25185	0
25243	25243	0
25265	25265	0
25266	25266	0
25272	25272	7.971379453455077e-4
25274	25274	0
25275	25275	0
25316	25316	0.003465954620853264
25317	25317	0
25327	25327	0
25377	25377	0
25396	25396	0
25419	25419	0
25448	25448	0
25467	25467	0
25506	25506	0
25516	25516	0
25517	25517	0
25590	25590	0
25618	25618	0
25634	25634	0
25655	25655	0
25698	25698	0
25714	25714	4.51893786695708e-4
25789	25789	0.0018692053781033577
25813	25813	0
25815	25815	0
25832	25832	0
25860	25860	0
25875	25875	0
25884	25884	0
25942	25942	0
25974	25974	0
25993	25993	0.0035027076893820765
26067	26067	0
26080	26080	0
26129	26129	0.0050712658861914615
26130	26130	0
26249	26249	0
26291	26291	0
26312	26312	0
26313	26313	0.0018692053781033577
26463	26463	0
26490	26490	0
26492	26492	0
26503	26503	0
26551	26551	0
26582	26582	0
26683	26683	0.003902720073482396
26777	26777	0
26812	26812	0.014596184878596067
26818	26818	0.005852781320955761
26826	26826	0
26844	26844	0
26863	26863	0
26868	26868	0
26871	26871	0
26881	26881	0.0018692053781033577
26883	26883	0
26912	26912	0
26922	26922	0
26936	26936	0
26961	26961	0
26977	26977	0
26992	26992	0
27011	27011	0
27037	27037	0
27059	27059	0
27065	27065	0.0016668597031679478
27084	27084	0
27089	27089	0
27142	27142	0
27143	27143	0
27192	27192	0.00511427510849308
27231	27231	0
27297	27297	0
27348	27348	0
27356	27356	0
27361	27361	0
27368	27368	0.02573160291627131
27373	27373	0
27375	27375	0.0018692053781033577
27394	27394	0
27413	27413	0
27462	27462	0
27475	27475	0
27478	27478	0
27504	27504	0
27524	27524	0
27550	27550	0.014065474257719023
27555	27555	0
27558	27558	0.00467461837549418
27559	27559	0
27573	27573	0
27594	27594	0
27601	27601	0
27640	27640	0.00194119288088635
27652	27652	0
27663	27663	0
27665	27665	0
27668	27668	0
27681	27681	0
27682	27682	0.01634729901850496
27688	27688	0.0017030173208684965
27728	27728	0
27731	27731	0
27760	27760	0
27815	27815	0
27837	27837	0
27849	27849	0
27850	27850	0.004834282127540092
27853	27853	0
27857	27857	0
27909	27909	0
27911	27911	0
27929	27929	0
27944	27944	0
27946	27946	0.007868708770700363
27950	27950	0
27951	27951	0
27956	27956	0
27967	27967	0.034842262348456006
27986	27986	0
27998	27998	0
27999	27999	0
28004	28004	0.0025140632251102976
28005	28005	0
28013	28013	0
28017	28017	0
28031	28031	0
28040	28040	0.0016668597031679478
28046	28046	0.0018692053781033577
28064	28064	0
28067	28067	0
28068	28068	0
28078	28078	0
28079	28079	0.006947199763243222
28094	28094	0.0018692053781033577
28095	28095	0
28099	28099	0
28100	28100	0
28102	28102	0.004182268221630047
28107	28107	0
28120	28120	0
28138	28138	0
28141	28141	0
28145	28145	0
28150	28150	0
28163	28163	0
28165	28165	0
28173	28173	0
28193	28193	0
28208	28208	0
28209	28209	0
28218	28218	0
28226	28226	0
28231	28231	0
28236	28236	0
28237	28237	0
28245	28245	0
28246	28246	0
28249	28249	0.0018692053781033577
28258	28258	0.0019882360537813795
28261	28261	0.003965145984380296
28269	28269	0
28275	28275	0
28278	28278	0.001189696763732358
28290	28290	0
28299	28299	0
28309	28309	0
28314	28314	0
28316	28316	0.010024085969439581
28323	28323	0
28336	28336	0
28339	28339	0
28348	28348	0
28354	28354	0
28356	28356	0
28361	28361	0
28362	28362	0
28365	28365	0
28373	28373	0
28374	28374	0.011127854570499992
28376	28376	0.003685270094312874
28387	28387	0
28388	28388	0
28409	28409	0
28412	28412	0
28424	28424	0
28425	28425	0
28432	28432	0
28433	28433	0
28438	28438	0.00411939991714851
28440	28440	0
28445	28445	0
28449	28449	0
28450	28450	0
28451	28451	0
28453	28453	0
28459	28459	0
28463	28463	0
28482	28482	0
28495	28495	0
28502	28502	0
28505	28505	0
28506	28506	0
28508	28508	0
28510	28510	0
28525	28525	0
28529	28529	0
28535	28535	0
28538	28538	0
28539	28539	0
28544	28544	0.015136402840305421
28554	28554	0
28558	28558	0
28561	28561	0
28578	28578	0
28583	28583	0
28586	28586	0
28593	28593	0
28597	28597	0
28604	28604	0
28623	28623	0
28625	28625	0
28626	28626	0
28629	28629	0.003465954620853264
28635	28635	0
28636	28636	0
28637	28637	0.005364989255908681
28658	28658	0
28661	28661	0
28674	28674	0
28675	28675	0
28682	28682	0.0041164185117756194
28693	28693	0
28706	28706	0
28718	28718	0
28721	28721	0
28724	28724	0
28731	28731	0
28754	28754	0
28756	28756	0
28760	28760	0
28775	28775	0
28779	28779	0
28781	28781	0
28782	28782	0
28783	28783	0
28791	28791	0.0034873810631949756
28793	28793	0
28797	28797	0.015888348247139878
28799	28799	0
28851	28851	0
28870	28870	0.01420952714237834
28874	28874	0
28875	28875	0
28879	28879	0
28885	28885	0
28886	28886	0.005235258608188249
28887	28887	0.0036369868972228794
28904	28904	0
28906	28906	0
28926	28926	0
28945	28945	0
28954	28954	0.009552154353853686
28968	28968	0
28997	28997	0.004186116378069159
29001	29001	0
29018	29018	0.00485212447371964
29049	29049	0
29078	29078	0
29098	29098	0
29121	29121	0.004043698453531133
29128	29128	0
29146	29146	0
29152	29152	0.003147564385217827
29166	29166	0
29251	29251	0
29258	29258	0.0016668597031679478
29282	29282	0
29283	29283	0
29285	29285	0
29316	29316	0.0035530844202673858
29332	29332	0
29348	29348	0
29358	29358	0
29364	29364	0
29389	29389	0
29434	29434	0.016657891911652213
29442	29442	0
29448	29448	0.007543974715411598
29460	29460	0.0076213388028166925
29462	29462	0
29467	29467	0.0018692053781033577
29476	29476	0.0029801433524106634
29480	29480	0
29488	29488	0
29493	29493	0
29509	29509	0
29542	29542	0
29573	29573	0
29594	29594	0
29631	29631	0.007127255400116708
29681	29681	0.0018692053781033577
29690	29690	0
29696	29696	0
29705	29705	0
29711	29711	0
29728	29728	0
29769	29769	0
29812	29812	0
29813	29813	0
29815	29815	0
29831	29831	0
29839	29839	0
29844	29844	0
29845	29845	0.0025781204320130995
29855	29855	0
29867	29867	0
29880	29880	0
29895	29895	0
29896	29896	0.0056439640173587295
29909	29909	0
29931	29931	0
29936	29936	0
30009	30009	0
30012	30012	0
30021	30021	0
30022	30022	0.001190893757467663
30073	30073	0.005075536976923364
30079	30079	0
30154	30154	0.009311952352722344
30157	30157	0
30253	30253	0
30270	30270	0
30271	30271	0
30293	30293	0
30330	30330	0
30348	30348	0
30349	30349	0.0036221433561908897
30350	30350	0
30396	30396	0
30397	30397	0
30407	30407	0
30444	30444	0
30525	30525	0
30527	30527	0.016488635877326355
30551	30551	0
30552	30552	0
30580	30580	0
30621	30621	0
30647	30647	0
30648	30648	0
30670	30670	0
30709	30709	0
30715	30715	0
30728	30728	0
30737	30737	0
30738	30738	0
30803	30803	0
30805	30805	0
30814	30814	0
30816	30816	0
30829	30829	0
30838	30838	0
30841	30841	0
30850	30850	0
30851	30851	0.0018692053781033577
30854	30854	0
30860	30860	0
30900	30900	0
30944	30944	0
30946	30946	0
30947	30947	0.00411939991714851
30987	30987	0.011675145919856501
30988	30988	0
30995	30995	0
30996	30996	0
31010	31010	0
31013	31013	0
31057	31057	0
31099	31099	0
31121	31121	0
31124	31124	0
31131	31131	0.004382301638787019
31149	31149	0
31179	31179	0
31180	31180	0
31220	31220	0
31221	31221	0
31260	31260	0
31265	31265	0
31266	31266	0
31314	31314	0
31324	31324	0
31325	31325	0
31343	31343	0
31357	31357	0
31376	31376	0
31398	31398	0
31412	31412	0
31413	31413	0
31433	31433	0
31489	31489	0
31649	31649	0
31693	31693	0
31727	31727	0
31757	31757	0
31770	31770	0
31774	31774	0
31783	31783	0
31799	31799	0
31822	31822	0
31827	31827	0
31922	31922	0
31975	31975	0
31977	31977	0
31986	31986	0
32042	32042	0
32070	32070	0
32091	32091	0
32103	32103	0
32168	32168	0
32218	32218	0.006391012182618418
32236	32236	0
32271	32271	0
32292	32292	0.030647009235161
32322	32322	0
32396	32396	0
32417	32417	0.0018692053781033577
32433	32433	0
32461	32461	0
32538	32538	0
32638	32638	0
32643	32643	0
32659	32659	0
32668	32668	0
32697	32697	0
32700	32700	0.003251666271964543
32722	32722	0
32746	32746	0
32768	32768	0.0015486027057624986
32848	32848	0
32853	32853	0
32858	32858	0.005800650876610232
32915	32915	0
32918	32918	0
32921	32921	0
32947	32947	0
32956	32956	0.009523945949796105
32986	32986	0
32993	32993	0
33000	33000	0.03503791464235471
33024	33024	0
33068	33068	0
33077	33077	0
33090	33090	0
33104	33104	0
33113	33113	0
33122	33122	0
33135	33135	0
33140	33140	0
33148	33148	0
33159	33159	0
33167	33167	0
33168	33168	0
33221	33221	0
33294	33294	0
33299	33299	0
33319	33319	0.010125173186003963
33331	33331	0
33348	33348	0.0018692053781033577
33405	33405	0
33415	33415	0
33416	33416	0
33460	33460	0
33462	33462	0.0018692053781033577
33488	33488	0
33490	33490	0
33511	33511	0
33547	33547	0.0018692053781033577
33575	33575	0
33579	33579	0
33610	33610	0.0018692053781033577
33626	33626	0
33646	33646	0
33662	33662	0
33676	33676	0
33692	33692	0
33711	33711	0.003007500352657071
33723	33723	0
33724	33724	0
33786	33786	0.0015250742937261753
33802	33802	0
33810	33810	0
33898	33898	0
33924	33924	0
33984	33984	0
33993	33993	0.0018692053781033577
34004	34004	0
34040	34040	0
34081	34081	0
34105	34105	0
34111	34111	0
34128	34128	0
34139	34139	0.0019972414679055228
34145	34145	0
34181	34181	0
34187	34187	0
34215	34215	0
34285	34285	0
34330	34330	0
34505	34505	0
34544	34544	0
34594	34594	0
34620	34620	0
34628	34628	0
34637	34637	0
34639	34639	0
34663	34663	0
34789	34789	0
34838	34838	0
34845	34845	0
34847	34847	0.0025827783720894196
34912	34912	0
34918	34918	0
34929	34929	0
34936	34936	0
34982	34982	0
35006	35006	0
35016	35016	0
35019	35019	0.0030045026644086184
35045	35045	0.004088480758779654
35068	35068	0
35084	35084	0
35204	35204	0.004379091705620315
35214	35214	0.0018692053781033577
35234	35234	0
35243	35243	0
35286	35286	0
35302	35302	0
35319	35319	0
35329	35329	0
35342	35342	0
35357	35357	0
35368	35368	0
35379	35379	0
35422	35422	0
35437	35437	0
35442	35442	0
35496	35496	0
35526	35526	0
35527	35527	0
35541	35541	0
35575	35575	0
35577	35577	0
35586	35586	0
35600	35600	0
35601	35601	0
35648	35648	0
35726	35726	0
35736	35736	0
35750	35750	0
35754	35754	0
35766	35766	0.0018692053781033577
35777	35777	0
35780	35780	0
35789	35789	0.006319832479853607
35801	35801	0
35802	35802	0.034933962596182234
35841	35841	0
35872	35872	0
35876	35876	0
35924	35924	0
35928	35928	0
35953	35953	0
36001	36001	0
36032	36032	0
36051	36051	0.002957589511025186
36089	36089	0
36096	36096	0
36121	36121	0
36130	36130	0.03318720715059147
36134	36134	0
36154	36154	0.003685270094312874
36178	36178	0
36181	36181	0
36182	36182	0
36205	36205	0
36255	36255	0
36272	36272	0.005058509948243488
36284	36284	0.0037683073638347165
36303	36303	0
36307	36307	0
36309	36309	0
36321	36321	0
36322	36322	0
36324	36324	0
36360	36360	0
36361	36361	0.002696594390064629
36394	36394	0
36444	36444	0.006245448335667922
36485	36485	0
36486	36486	0
36487	36487	0
36540	36540	0
36549	36549	0
36566	36566	0
36600	36600	0
36609	36609	0
36612	36612	0
36620	36620	0.0018692053781033577
36636	36636	0
36644	36644	0
36652	36652	0
36653	36653	0
36655	36655	0
36660	36660	0
36666	36666	0
36683	36683	0.007492060067218877
36699	36699	0
36712	36712	0
36738	36738	0
36753	36753	0
36768	36768	0
36823	36823	0
36846	36846	0
36871	36871	0
36879	36879	0
36886	36886	0
36890	36890	0
36894	36894	0
36900	36900	0
36958	36958	0
37006	37006	0
37063	37063	0.03491425238085176
37068	37068	0.006013610138205943
37075	37075	0.01267875255830258
37091	37091	0
37136	37136	0
37138	37138	0
37155	37155	0
37156	37156	0
37162	37162	0
37165	37165	0
37180	37180	0
37189	37189	0
37191	37191	0
37195	37195	0
37198	37198	0
37224	37224	0
37238	37238	0
37260	37260	0.0035340295094160408
37272	37272	0
37274	37274	0
37284	37284	0.01230778425849238
37287	37287	0
37293	37293	0
37333	37333	0
37341	37341	0
37348	37348	0
37359	37359	0
37366	37366	0
37370	37370	0
37392	37392	0
37400	37400	0
37401	37401	0
37460	37460	0.004742522213553585
37461	37461	0
37507	37507	0
37580	37580	0
37598	37598	0
37609	37609	0
37610	37610	0
37678	37678	0.01649419034930561
37753	37753	0.0011444724914055709
37766	37766	0
37794	37794	0
37828	37828	7.613128748735731e-4
37864	37864	0
37867	37867	0
37918	37918	0
37920	37920	0
37926	37926	0
37930	37930	0
37937	37937	0
37938	37938	0
37954	37954	0
37975	37975	0
38001	38001	0
38029	38029	0
38035	38035	0
38056	38056	0
38151	38151	0
38168	38168	0
38181	38181	0
38221	38221	0
38237	38237	0
38241	38241	0
38250	38250	0
38261	38261	0
38275	38275	0
38281	38281	0
38282	38282	0
38283	38283	0
38322	38322	0
38327	38327	0
38328	38328	0
38331	38331	0
38341	38341	0
38364	38364	0
38369	38369	0
38372	38372	0
38394	38394	0.0018692053781033577
38398	38398	0
38411	38411	0
38414	38414	0
38422	38422	0
38424	38424	0
38427	38427	0.00411939991714851
38456	38456	0
38476	38476	0
38477	38477	0.006329075164575519
38487	38487	0
38492	38492	0
38519	38519	0
38530	38530	0
38547	38547	0
38570	38570	0
38574	38574	0.0033845633981320886
38592	38592	0
38671	38671	0
38679	38679	0.004335866536654987
38688	38688	0
38689	38689	0
38693	38693	0.005005678242889707
38698	38698	0
38701	38701	0
38731	38731	0
38736	38736	0
38738	38738	0
38743	38743	0.0023130938168594525
38749	38749	0
38795	38795	0
38797	38797	0
38798	38798	0
38811	38811	0
38863	38863	0
38870	38870	0
38876	38876	0
38877	38877	0
38916	38916	0
38930	38930	0
38955	38955	0
38964	38964	0
39013	39013	0
39029	39029	0
39036	39036	0
39103	39103	0
39163	39163	0
39172	39172	0
39174	39174	0.006344788623176081
39175	39175	0.005738361950781772
39180	39180	0
39183	39183	0
39225	39225	0
39233	39233	0
39240	39240	0
39255	39255	0
39273	39273	0
39283	39283	0
39288	39288	0
39295	39295	0
39301	39301	0
39333	39333	0
39345	39345	0.002738272319826573
39379	39379	0
39402	39402	0
39411	39411	0
39456	39456	0
39482	39482	0
39483	39483	0
39484	39484	0
39495	39495	0.0018692053781033577
39496	39496	0
39519	39519	0
39520	39520	0
39527	39527	0
39532	39532	0
39538	39538	0
39563	39563	0
39591	39591	0
39622	39622	0
39631	39631	0.03248910818490097
39651	39651	0
39661	39661	0.005096279746672535
39677	39677	0
39690	39690	0
39691	39691	0
39699	39699	0
39722	39722	0
39762	39762	0
39763	39763	0
39764	39764	0
39769	39769	0
39779	39779	0
39780	39780	0
39788	39788	0
39793	39793	0
39807	39807	0.0014047751019404737
39808	39808	0.00411939991714851
39861	39861	0
39892	39892	0
39901	39901	0
39902	39902	0
39914	39914	0
39927	39927	0
39928	39928	0
39945	39945	0
39965	39965	0
39982	39982	0
39996	39996	0
40019	40019	0.005245246527715505
40025	40025	0
40027	40027	0
40035	40035	0
40070	40070	0
40071	40071	0
40090	40090	0
40101	40101	0
40123	40123	0
40150	40150	0
40175	40175	0.0029931151389121745
40192	40192	0.017746411892571392
40204	40204	0
40207	40207	0
40251	40251	0.008841088922988847
40268	40268	0
40276	40276	0
40292	40292	0
40293	40293	0
40318	40318	0
40377	40377	0
40402	40402	0
40413	40413	0
40429	40429	0
40442	40442	0
40454	40454	0
40455	40455	0
40457	40457	0
40473	40473	0
40490	40490	0
40518	40518	0
40521	40521	0
40567	40567	0
40593	40593	0
40628	40628	0
40726	40726	0
